{
  "meta": {
    "users_all": 85,
    "users_removed": 39,
    "users_clean": 46,
    "sessions_clean": 120,
    "sessions_evaluated": 72,
    "recordings_clean": {
      "wav": 475,
      "webm": 478,
      "mp4": 405
    },
    "pooled_eval_questions": 233
  },
  "nonverbal_outcome": {
    "total": 233,
    "vlm_failed": 74,
    "no_video": 106,
    "vlm_ok": 53
  },
  "features": {
    "conceptual_accuracy": {
      "mod": "text",
      "mean_all": 0.8884120171673819,
      "n_all": 233,
      "mean_genuine": 0.8884120171673819,
      "n_genuine": 233
    },
    "terminology_usage": {
      "mod": "text",
      "mean_all": 0.8755364806866953,
      "n_all": 233,
      "mean_genuine": 0.8755364806866953,
      "n_genuine": 233
    },
    "problem_solving_logic_chain": {
      "mod": "text",
      "mean_all": 0.7553648068669528,
      "n_all": 233,
      "mean_genuine": 0.7553648068669528,
      "n_genuine": 233
    },
    "structural_clarity": {
      "mod": "text",
      "mean_all": 1.1244635193133048,
      "n_all": 233,
      "mean_genuine": 1.1244635193133048,
      "n_genuine": 233
    },
    "coherence": {
      "mod": "text",
      "mean_all": 1.0987124463519313,
      "n_all": 233,
      "mean_genuine": 1.0987124463519313,
      "n_genuine": 233
    },
    "word_usage_pattern": {
      "mod": "text",
      "mean_all": 1.0987124463519313,
      "n_all": 233,
      "mean_genuine": 1.0987124463519313,
      "n_genuine": 233
    },
    "eye_contact": {
      "mod": "video",
      "mean_all": 1.113733905579399,
      "n_all": 233,
      "mean_genuine": 1.6037735849056605,
      "n_genuine": 159
    },
    "facial_expression": {
      "mod": "video",
      "mean_all": 1.145922746781116,
      "n_all": 233,
      "mean_genuine": 1.6477987421383649,
      "n_genuine": 159
    },
    "body_posture": {
      "mod": "video",
      "mean_all": 1.1545064377682404,
      "n_all": 233,
      "mean_genuine": 1.6603773584905661,
      "n_genuine": 159
    },
    "gesture": {
      "mod": "video",
      "mean_all": 0.6652360515021459,
      "n_all": 233,
      "mean_genuine": 0.9748427672955975,
      "n_genuine": 159
    },
    "accuracy": {
      "mod": "audio",
      "mean_all": 2.2504511278195483,
      "n_all": 133,
      "mean_genuine": 2.2504511278195483,
      "n_genuine": 133
    },
    "prosody": {
      "mod": "audio",
      "mean_all": 6.59390977443609,
      "n_all": 133,
      "mean_genuine": 6.59390977443609,
      "n_genuine": 133
    },
    "fluency": {
      "mod": "audio",
      "mean_all": 6.573834586466165,
      "n_all": 133,
      "mean_genuine": 6.573834586466165,
      "n_genuine": 133
    }
  },
  "modality_means": {
    "text": {
      "all": 0.9735336194563663,
      "genuine": 0.9735336194563663
    },
    "audio": {
      "all": 5.139398496240601,
      "genuine": 5.139398496240601
    },
    "video": {
      "all": 1.0198497854077253,
      "genuine": 1.471698113207547
    }
  },
  "overall": {
    "n": 72,
    "nonzero": 36,
    "mean_all": 0.8819305555555556,
    "mean_nonzero": 1.763861111111111,
    "max": 4.8
  }
}